80.18	91.75	79.779999	25070200	0
87.32	88.480003	86.099998	8026500	0
86.279999	88.25	84.540001	7208800	1
85.709999	88.75	85.220001	6901700	0
88.279999	89.529999	86.260002	6871600	0
86.089996	86.279999	83.040001	6547400	0
83.089996	83.510002	81.059998	6630400	1
82	83.25	81.199997	5950600	1
81.410004	83.769997	80.980003	6157800	1
84.269997	85.459999	83.93	4677800	0
84.629997	84.639999	82.449997	4356400	0
82.739998	83.120003	81.25	4374200	0
81.440002	82.739998	81	5627300	1
82.209999	83.650002	81.800003	7834100	0
82.900002	82.900002	80.5	4728700	1
83.160004	84.5	81.209999	6000800	0
81.400002	82	80.019997	5742600	0
80.599998	80.809998	78.019997	8316500	1
77.339996	80.720001	77.080002	8069100	1
82.25	83.75	78.849998	9490600	0
80.760002	81.959999	78.989998	5821800	0
80.010002	80.220001	76.150002	9444700	1
75.269997	79.800003	75.099998	7813600	0
78.809998	79.599998	76.620003	6480100	0
76.860001	79.879997	76.300003	8980800	1
76.800003	79.629997	76.669998	13092200	0
77.68	78.239998	71.239998	13165600	1
73.080002	77.5	70.080002	12397200	1
80.120003	86.769997	76.5	14772200	0
81.129997	81.629997	74.32	7037700	0
75.790001	76.290001	70.769997	8594200	0
72.300003	73.650002	68.940002	9372400	1
70.660004	72.75	70.010002	6073000	0
69.519997	71.050003	68.080002	6747100	0
68.410004	69.370003	61.32	12004300	1
65.839996	73.120003	65.32	13046900	0
71.779999	71.989998	68.410004	9622200	0
67.629997	68.959999	65.410004	8726100	0
69.419998	70.949997	66.589996	11228100	0
64.059998	65.889999	60.470001	13385500	0
65.790001	66.43	58.5	12756000	1
55.639999	62.75	55.349998	14324500	0
61.970001	63.5	56	13930900	1
52.990002	59.75	51.049999	18021700	1
58.959999	62.209999	57.369999	11194800	0
63.5	64	54.799999	17306600	0
54.459999	54.689999	48.349998	16257600	1
46.400002	50.700001	43.389999	22081100	1
48.830002	62.330002	48.41	12946400	1
52.169998	53.099998	49.91	8452100	0
51.860001	52.950001	49.919998	8669600	0
50.049999	52.470001	47.900002	19513200	1
43.369999	50.91	43.310001	32601900	0
44.75	52.32	44.5	19605900	1
49	52.59	48.43	11759200	1
51.5	56.299999	49.07	14834700	1
55.529999	59.790001	54.52	15196300	0
58.759998	59.889999	55.080002	11125700	1
56.009998	57.25	55.009998	8534600	0
56.349998	57.25	55.02	7170100	1
57.16	58.73	55.220001	7663800	0
57.470001	58	51.619999	11498400	0
49.799999	51.040001	46.299999	15487800	1
47.759998	49.790001	47.009998	7439600	0
49.98	50.68	46.860001	8964900	0
47.099998	48.060001	44.810001	9939200	0
43.990002	45.439999	40.900002	14768600	1
41.400002	45	38.48	16935300	0
43.610001	44.5	41.5	11949700	0
39.91	41.259998	39.07	10711800	0
39.73	40.66	36.080002	15049200	0
37.970001	39	35.75	12521100	0
35.290001	39.720001	34.68	18423900	1
36.389999	39	35.720001	15042700	1
38.790001	43.439999	38.700001	14549700	0
42.09	42.889999	39.610001	13015000	1
40.869999	44	40.290001	13439700	0
44.029999	44.099998	42.220001	3481000	0
42	43.259998	40.380001	11178900	1
41.389999	41.709999	38.82	8713700	1
40.16	45.880001	40.049999	15675600	1
45.939999	50.5	45.75	19782300	1
45.889999	48.490002	43.299999	14608800	1
49.150002	52.139999	47.360001	10940700	0
49.810001	54.48	49.700001	13314800	0
51.459999	51.5	48.34	7753800	0
49.330002	50.490002	48.169998	7583600	1
47.52	51.380001	47.52	8664800	0
50.650002	50.950001	48.150002	7285400	1
49.619999	52.959999	49.290001	8862900	1
52.259998	54.77	51.529999	9183100	0
53	54.849998	51.200001	7518100	0
51.59	52.990002	50.919998	10963200	0
51.599998	52.150002	48.470001	8925000	1
50.119999	51.610001	50.119999	5845400	1
51.66	51.950001	51.009998	1645500	1
53.790001	53.950001	51.549999	6847300	0
51.43	51.77	48.560001	6507900	1
49.509998	51.209999	48.740002	6601300	1
50.740002	51.689999	49.91	7792200	1
51.349998	54.529999	51.07	7296400	0
55.73	55.740002	53.029999	9509800	1
54.549999	58.220001	53.75	11080100	0
56.290001	56.950001	55.349998	7942700	1
54.990002	57.32	54.580002	6577900	0
56.919998	57	54.700001	6684100	0
54.119999	54.299999	50.869999	9556300	0
50.959999	53.290001	50.75	7883200	0
50.099998	50.099998	48.139999	10442600	1
48.560001	52.23	47.630001	11617300	1
51.799999	52.330002	49.529999	8258200	0
50.75	51.700001	48.27	6767200	1
49.310001	50.689999	48.25	5829500	0
49.419998	50.880001	48.259998	7133300	1
48.900002	51.419998	48.450001	5793300	0
50.18	50.889999	48.52	7155700	0
49.299999	50.419998	47.720001	8738200	1
49.720001	51.490002	48.970001	8056600	0
49.959999	51.849998	49.139999	17966800	1
57.360001	59.740002	57.240002	39783100	1
58.57	62	58.130001	19324300	1
60.869999	64.199997	60	14694600	0
63.380001	63.439999	60.830002	13726300	1
61.150002	63.810001	60.630001	10169600	1
63.18	67	63.18	12044900	1
66.559998	67.360001	65.379997	9437600	0
66.150002	67.230003	63.07	10700600	1
63.099998	64.900002	62.25	8347300	0
63.25	64.25	61.709999	8095500	0
63.970001	64.68	62.869999	4130900	0
61.669998	62.650002	61.18	7126100	1
62.27	62.779999	60.52	7366000	0
62.84	64.18	61.669998	6768900	1
61.07	64.150002	60.84	9354500	0
64.160004	64.910004	61.52	7336000	1
61.970001	66.099998	61.889999	10271400	0
64.900002	65.75	62.82	9122100	0
64.120003	64.730003	62.34	7275300	1
61.259998	65.080002	60.939999	11488300	0
63.939999	65.519997	61.509998	10511900	0
62.75	63.290001	61.299999	9691600	1
62.799999	65.790001	62.400002	11960900	0
64.120003	65.800003	63.599998	11770300	0
65.199997	65.5	59.82	15093800	0
62.200001	64.029999	60.150002	13561400	1
62.490002	65.900002	61.779999	15435700	1
66.239998	69.370003	65.269997	13881700	1
68.349998	69.870003	67.25	11348900	0
69.639999	69.739998	67.529999	8903400	0
68.559998	69.290001	66.68	9437300	1
67.370003	71.709999	67	11902800	0
70.970001	73.910004	70.129997	10401700	0
71.400002	71.910004	69.239998	8819100	0
70.389999	70.889999	69.080002	8468100	1
71.360001	75.610001	70.699997	8612400	0
74.849998	75	72.309998	7457900	0
73.089996	73.949997	69.839996	7895600	1
73.470001	74.980003	72.639999	6657700	0
71.610001	72.290001	70.099998	8568800	1
70.400002	71.669998	69.75	8373100	1
72.610001	74.5	72.120003	8918200	1
73.019997	75.089996	71.709999	7041400	1
73.629997	77.239998	73.440002	11066900	1
76.419998	78.32	75.5	5809900	0
77.260002	78.360001	76	5751300	0
76.970001	77.080002	74.879997	5748800	1
75.93	77.110001	74.57	5653000	1
77.510002	80	77.260002	7082300	0
79.839996	79.970001	77.849998	6212200	0
78	79.459999	76.940002	6160400	0
75.5	75.809998	73.510002	9412800	1
75.330002	77.480003	75.160004	7467800	1
76.779999	78.720001	75.879997	7426000	0
78.440002	79.790001	76.830002	8686900	1
77.330002	79.099998	77.290001	7162200	1
78.169998	82.18	77.809998	8775500	1
81.330002	82.059998	79.080002	16187700	1
82.029999	86.68	80.730003	23484300	0
83.879997	84.980003	82.209999	9705900	0
82.68	85.349998	82.400002	7924000	0
82.989998	82.989998	79.260002	9735100	1
80.93	82.669998	79.889999	8537600	0
80.379997	80.379997	77.849998	6121700	1
80.260002	81.349998	78.849998	7019300	1
81.010002	82	80.190002	5870300	1
82.879997	83.599998	79.660004	8604000	0
82.730003	82.75	77.879997	9632100	0
79.690002	80.230003	76.309998	8193000	1
76.800003	79.849998	76.010002	6872300	0
78.699997	78.970001	76.529999	5548700	0
76.25	76.650002	74.010002	8770500	1
73.790001	76.059998	73.309998	9343600	0
74.540001	76.209999	73.419998	8011700	1
73.959999	75.959999	73.099998	6829100	1
75.43	78.959999	75.120003	8028900	1
78.5	81.110001	77.419998	7351000	0
76.75	77.970001	75.400002	5640500	0
76.099998	77.040001	75.019997	3484700	1
75.029999	78.480003	74.550003	6699600	0
78.510002	79.5	76.75	5567100	1
77.699997	79.099998	75.879997	4943100	1
77.720001	78.010002	76.400002	5072200	1
78.209999	84.800003	77.489998	10796500	1
82.419998	85.449997	82.099998	9397000	1
83.309998	85.709999	83.129997	7603400	0
85.419998	86.400002	84.57	5465400	1
86.290001	87.949997	85.300003	8263500	0
86.75	87.18	85.110001	5602100	1
86.93	87.669998	86.169998	4475100	0
87.580002	88.559998	84.830002	6073600	0
86.300003	87.489998	85.050003	5009700	0
85.029999	85.199997	82.010002	6223000	0
82.830002	83.300003	81	5401800	0
83.699997	83.949997	81.279999	5465800	1
82.5	84.300003	80.639999	7785100	0
82.809998	82.949997	81	5453100	1
82.150002	83.459999	81.5	5438200	0
82.410004	82.43	78.559998	9744400	0
78.970001	79.099998	76.25	7415500	1
78	80.529999	77.800003	6081400	1
79.099998	82.230003	79.029999	7360400	1
81.900002	84.139999	81.129997	8775300	0
83.870003	84.199997	82.410004	6270300	1
83.620003	84.919998	82.470001	7984800	0
84.419998	84.5	81.370003	6981200	0
81.110001	81.370003	78.510002	7218600	0
78.449997	78.889999	76.540001	7368800	0
78.529999	78.690002	75.410004	6491500	1
76.459999	77.93	75.699997	8540700	1
78.25	78.540001	76.82	6359500	0
77.519997	78.82	76.169998	5976100	1
78.07	81.650002	78.010002	8050200	1
81.480003	82.419998	80.419998	4543600	1
83	84.639999	82.779999	6339000	1
84.419998	86.239998	83.720001	5361900	0
85.800003	86.5	85.199997	5051600	1
86.269997	88.879997	86.260002	6056600	1
88.519997	89.010002	87.400002	7728600	0
88.650002	89.230003	87.779999	5329600	1
89.839996	94.400002	89.589996	19162100	0
87.599998	88.900002	85.5	19204600	0
86.239998	86.489998	83.559998	11279300	1
83.839996	85.639999	82.599998	8774900	0
84.470001	85.5	83.519997	6502900	1
85.639999	87.25	85.169998	7253200	0
85.760002	86.75	84.620003	5886900	1
86.559998	88.199997	86.559998	6663000	0
87.480003	87.480003	84.93	6177900	0
85.639999	85.75	83.019997	7279400	1
84.309998	84.839996	83.050003	4693000	1
84.099998	85.959999	84.099998	5628000	0
85.010002	85.470001	83.269997	4440600	0
83.639999	84.400002	82.449997	5025000	1
83.419998	86.599998	83.379997	5619400	0
85.720001	86.370003	84.07	5712400	0
84.110001	84.169998	82.779999	4924700	0
81.160004	81.779999	80.25	6888600	1
81.410004	82.690002	80.790001	5884400	1
80.910004	83	80.489998	5170600	1
82.980003	84.349998	82.660004	5375000	1
84.779999	85.059998	83.540001	6130700	0
85.169998	85.589996	84.239998	4723200	0
84.660004	86.339996	83.949997	4791000	0
84.099998	84.760002	83.379997	3613800	1
84.010002	84.849998	83.139999	3997700	0
84.779999	84.989998	82.57	4620700	0
81.93	81.949997	80.349998	5263800	0
80.739998	82.419998	79	6245800	0
79.040001	80.150002	77.800003	6512700	1
78.389999	78.959999	77.510002	4140200	1
78.269997	79.779999	77.629997	4671500	1
79.860001	81.040001	78.870003	7037600	1
80.599998	82.629997	80.5	6776200	1
82.330002	84.07	82.300003	7023100	1
84.440002	84.900002	83.760002	6006900	0
83.809998	84.57	83.459999	3572000	0
84.169998	84.410004	82.790001	4446800	1
85.910004	90.980003	85.900002	13114300	0
90.75	91.190002	89	7872700	0
90.739998	91	89.470001	6769500	1
89.690002	90.760002	88.480003	4209300	1
91.459999	94.190002	91.099998	8264900	0
92.82	94.5	92.220001	5685300	0
92	92.709999	90.769997	5075100	0
91.440002	92.25	89.75	4256800	1
91.040001	92.809998	90.599998	3508000	0
91.959999	92.330002	90.099998	4393900	1
92.260002	94.169998	91.43	8539200	0
92.5	92.900002	90.370003	6645100	0
90.050003	91.139999	89.580002	5039400	0
90.25	90.93	88.269997	7028500	1
89.330002	91.080002	88.400002	6963700	1
91.5	94.480003	91.150002	7445100	1
94.800003	96.720001	94.230003	9674300	1
95	95.949997	94.260002	4694000	0
96.169998	96.25	93.07	5591400	1
93.830002	95.25	93.68	4720000	1
96.220001	97.82	96.019997	5556800	0
95.129997	97.059998	95.080002	6242100	0
95.300003	96.120003	93.610001	7038400	0
95.349998	96.279999	94.25	6017400	1
95.910004	96.099998	94.269997	7777600	0
95.269997	96.629997	92.910004	7761200	1
93.660004	94.099998	91.699997	16518500	1
111.050003	119.650002	110.620003	58305800	1
119.209999	125.68	118.489998	32271200	0
122.93	124.260002	119.419998	20304200	0
121.57	125.120003	120.760002	16887700	1
123.900002	124.300003	120.120003	12821800	0
121.970001	122.900002	118.209999	13312200	1
118.660004	119.5	116.709999	11280000	0
117.669998	118.879997	116.629997	9478500	0
119	119.25	116.760002	7617500	1
117.459999	120.949997	116.25	9086800	1
123	126.980003	122.669998	13226000	1
127.110001	128.320007	125.589996	8624200	1
126.800003	130.610001	126	10529300	0
131.080002	131.309998	128.330002	7434200	1
129.979996	132.149994	129.979996	7210100	1
131.160004	132.990005	129.75	7376800	0
132.119995	134.559998	130.979996	9018300	0
131.399994	131.850006	129.320007	7748000	1
130.899994	131.410004	129.529999	5213500	0
130.539993	130.539993	128.479996	5998200	1
127.760002	129.990005	127.410004	6652600	1
131.050003	133	131	6878100	0
133.570007	134.330002	132.220001	7319700	1
133.309998	134.199997	132.399994	5071200	0
130.300003	133	129.880005	4422600	1
132.190002	136.080002	132.160004	10119500	1
136.940002	139.350006	135.75	9657600	1
139.149994	142.669998	138.960007	11798000	0
143.619995	145.910004	140.770004	16523500	0
143.419998	143.449997	135.110001	14827400	0
138	139	133.839996	7837000	0
134.300003	136.080002	132.869995	8002800	0
134.600006	134.710007	129.820007	12632900	1
132.410004	136.190002	132.399994	11343600	0
136.070007	136.289993	133.199997	8046700	0
132.5	132.610001	129.350006	10022900	0
130.759995	132.460007	129.589996	7428800	0
130.929993	131.449997	127.650002	10261300	0
129.360001	130.080002	126.900002	8476500	1
127.910004	128.789993	125.650002	9605400	1
130.479996	133.199997	130.190002	9473600	1
133.759995	135.990005	132.649994	8257500	1
134.800003	139.050003	134.350006	9546100	0
139.199997	139.699997	137.539993	5128800	1
139.75	141.979996	138.529999	8763900	1
141.289993	142.580002	138.550003	8400600	0
138.399994	138.399994	135.279999	6913200	0
137.089996	137.279999	134.520004	4523000	0
136.25	136.610001	133.139999	7599900	1
133.429993	135.479996	131.809998	8851900	0
134.600006	134.729996	131.649994	7178800	0
132.009995	132.320007	128.800003	11030200	1
130.559998	133.679993	129.029999	9830500	0
132.619995	132.800003	129.210007	8779400	0
128.990005	129.820007	126.550003	9096300	1
127.900002	129.710007	125.75	10723200	0
129.139999	130.380005	126.400002	9774900	0
129.179993	129.649994	127.059998	15376500	1
126.309998	128	124.330002	8892600	0
127.129997	129.199997	125.080002	9074700	1
127.260002	128.149994	125	9970600	0
125.599998	127.669998	120.760002	11568900	0
122.099998	122.279999	118.120003	12023900	0
120.559998	122.980003	119.059998	9559000	1
121.029999	123.330002	118.800003	14765300	1
124.43	127.199997	122.800003	27293100	0
129.770004	131.850006	124.139999	29471300	0
123.18	124.860001	113.82	37774400	0
118.790001	118.980003	114.400002	23079700	1
117.120003	119.610001	116.559998	12405900	0
118.639999	120.330002	115.739998	12784000	1
115.879997	117.650002	114.099998	11024800	0
119.379997	121	116.559998	9890200	1
118.199997	119.089996	117	9223000	0
118	118.610001	116	6233200	1
117.209999	120.419998	116.5	8343500	0
118.989998	119.940002	117.5	8073500	0
120.059998	120.5	117.18	8932700	0
117.07	117.129997	115.550003	8944800	1
115.839996	118.510002	114.82	9800100	0
117.910004	119.089996	117	7115600	1
117.370003	118.970001	116.18	6807300	0
118.010002	119.25	116.510002	7068200	1
117.959999	119.800003	117.150002	7389900	0
118.169998	118.339996	115.849998	9533400	1
117.879997	119.43	117	5721600	1
118.699997	124.660004	117.529999	13296500	1
125.010002	127.349998	124.800003	12097500	1
125.400002	126.940002	124.43	6440400	1
125.980003	128.850006	125.57	7509700	1
129.130005	129.449997	127.07	6769300	1
128.300003	130.850006	127.709999	5605900	0
129.589996	130.809998	127.970001	6070800	1
129.110001	131.169998	128.479996	5625700	1
130.449997	133.619995	130.360001	7240800	0
134.199997	134.199997	131.179993	6150800	0
131.699997	132	128.630005	6329200	1
131.240005	132.289993	130.5	4132500	0
132.410004	132.690002	131.220001	4358800	1
131.020004	132.850006	130.440002	5021300	0
133.710007	133.710007	129.660004	8905000	1
130.199997	130.960007	128.639999	5383400	0
130.889999	130.940002	128.070007	4213100	0
128.639999	129.399994	127.199997	4696400	1
129.139999	136.910004	128.039993	16209600	1
134.899994	136.990005	133.759995	6565700	1
135.369995	136.630005	134.330002	4626900	1
135.740005	138.190002	135.360001	6192700	0
136	136.800003	134.479996	4600600	0
135.800003	136.509995	131.179993	8785800	0
132.850006	133.740005	130.779999	5816500	1
131.229996	136	131.179993	7950300	0
135.960007	136.080002	133.860001	5945400	1
134.710007	141.25	134.710007	12689100	0
140.720001	141.330002	139.070007	6011100	1
140	142.910004	139.679993	5445300	0
141.229996	141.979996	139.119995	4785500	1
140.339996	144.5	139.199997	7900300	1
144.550003	147.089996	144	7829600	0
144.880005	147.169998	141.449997	8396800	1
142.350006	143.669998	139.130005	6022000	1
143.830002	144.639999	142.100006	4311700	1
145.169998	149	143.520004	7374400	1
147.009995	151.089996	145.880005	15165800	0
145.380005	149.089996	142.419998	18975200	1
143.199997	147.729996	142.899994	9318300	0
145.550003	146.440002	141.110001	8639000	0
142.589996	142.75	138.690002	9235300	1
140.089996	142.449997	139.789993	6314200	0
141.399994	141.399994	136.910004	6113500	1
137.199997	139.440002	136.110001	5654600	0
135.619995	135.809998	128.380005	12667800	1
128	131.610001	127.550003	9458100	0
130	132.330002	120.599998	10189000	0
127.970001	131.179993	123.760002	11927600	1
129.729996	132.210007	129.259995	6806100	0
129.949997	133.080002	128.470001	6044100	1
131.410004	134.130005	129.679993	5904500	0
133.929993	136.990005	131	5940200	0
130.360001	131	126.760002	5277800	1
128.240005	129.949997	125.800003	5642200	0
130.139999	131.25	125.510002	5256900	0
125.510002	127.93	123.800003	6463300	0
122.639999	125	118.779999	8594400	1
117.900002	124.970001	117.519997	7966900	0
122.57	124.5	120.650002	4535900	1
118.540001	125.190002	118.5	6913400	0
125.050003	125.790001	122.300003	6964600	1
124.980003	126.849998	120.599998	4747700	0
126.07	127.599998	124.010002	3954800	0
124.970001	126.57	123.019997	3659500	1
124.019997	126.43	121.650002	4764700	1
126.25	129.149994	124.849998	5276900	0
126.330002	128.199997	122.18	5497700	0
125.839996	126.610001	121.669998	6566400	0
122	122	115.800003	11484400	0
120.309998	121.470001	117.360001	7369200	1
120	123.5	119.199997	6061800	0
121.389999	123.529999	120.290001	4204600	1
124.239998	125.699997	123.5	3923000	1
123.199997	126.919998	122.5	4541000	1
125.389999	127.980003	125.360001	3964300	0
126.739998	127.800003	124.690002	3479000	0
126.480003	127.480003	125.07	3836000	0
126.790001	127.480003	121.410004	5327700	0
122.650002	125.230003	121.550003	6207200	0
122.110001	123.220001	120.040001	5455100	0
120.610001	120.849998	116.800003	7771100	1
118.139999	121.760002	117.629997	5769700	0
118.849998	120.040001	117.099998	5612200	0
116.260002	116.480003	106.010002	12866300	1
108.580002	112.68	108.110001	9740700	1
108.900002	111.690002	106.699997	8529800	0
110.919998	111.290001	108.559998	4477100	1
110.650002	112.529999	109	5219300	1
109.839996	113.629997	109.809998	4941000	1
115.019997	117.480003	114.07	6775000	1
116.550003	117.400002	114.650002	4065100	1
117.809998	119.699997	117.32	4783600	1
120.690002	124.879997	120.300003	7091100	0
123.029999	123.75	121.470001	5257000	0
120.129997	122.480003	119.260002	6047700	0
121.279999	121.919998	118.010002	6227900	1
118.379997	120.739998	117	5030900	1
120.610001	120.709999	117.510002	6785000	0
120.620003	121.25	117.260002	5011700	1
118.709999	120.870003	118.019997	15003400	0
105.93	119.279999	105.800003	42421100	0
118.260002	118.599998	114.879997	11137800	0
118.43	118.5	115.07	7796100	0
117	118.199997	116.400002	5472300	0
117.989998	118.870003	115.519997	6175800	1
115.529999	118.739998	114.510002	7077500	1
119.150002	120.379997	117.57	5443700	1
120	122.870003	119.68	5953800	1
123.059998	128.470001	123	9270800	1
126.769997	128	125.82	4282300	1
126.720001	128.399994	125.900002	5065200	1
128.460007	129.929993	127.849998	5085800	1
127.949997	130	127.379997	5706900	0
128.100006	128.119995	125.199997	5541700	1
123.760002	127	123.550003	4367900	0
126.059998	127.480003	124.260002	3976600	1
123.610001	127.370003	123.040001	4024700	1
127.339996	129.979996	126.790001	5044700	1
129.25	130.809998	128.259995	7901500	0
129.220001	130.020004	126.82	5582500	1
127.199997	128.039993	126.019997	4170100	0
127.860001	129.220001	126.5	3861300	0
125.410004	125.440002	123.18	5369700	1
123.849998	127.370003	123.830002	5344500	0
127.150002	127.589996	124.82	4694500	1
125.459999	126.639999	122.25	5080000	0
126.029999	126.949997	123.690002	3426000	1
122.849998	125.900002	122.5	4225600	1
126.360001	132.600006	126.169998	7138300	1
132.169998	135.210007	132.050003	5407400	1
136.889999	139.5	136.630005	6581200	0
137.559998	138.600006	136.889999	3883000	1
137.929993	139.699997	136.449997	5828500	1
140.389999	141.369995	139.259995	4958000	1
140.75	142.600006	140.039993	5043600	1
144.070007	145.740005	143.759995	5077400	1
144.5	146.699997	143.830002	4319400	0
144.880005	145.619995	143.559998	4903600	1
145.399994	148.229996	145.160004	5827000	1
148.899994	148.979996	146.5	7259600	1
148.699997	151.949997	147.350006	6449400	0
150.759995	153.309998	149.600006	7542000	1
149.839996	152.699997	149.100006	6612400	1
151.199997	155.919998	150.970001	7065600	1
155.429993	160.889999	155.419998	10590600	0
160.220001	161.199997	157.880005	6446300	1
159.839996	160.880005	154.889999	8494200	0
159.029999	161.779999	157.75	7287500	0
160.009995	160.929993	155.600006	7606000	0
157.080002	157.440002	152.199997	8683400	1
153.949997	155.960007	152.789993	5346500	1
157.080002	161.210007	157.009995	5620000	0
160.600006	160.679993	154.600006	6060800	1
156.509995	157.399994	153.389999	4622000	0
155.179993	156.279999	152.779999	6918400	0
154.889999	156.630005	152.339996	4486400	1
152.509995	156.949997	151.399994	5280800	0
156.690002	156.789993	153.850006	5632800	1
155.160004	156.949997	154.229996	4024100	1
158.419998	164.880005	156.75	10135500	0
165	165.190002	161.820007	6331300	0
160.679993	162.800003	157	7525000	0
158.779999	159.869995	156.570007	5790400	1
162.669998	166.130005	161.289993	13482500	1
162.449997	170.169998	162.270004	16318400	0
171.570007	171.990005	168.320007	6530900	1
167.570007	171	167.5	4689600	0
168.910004	169.75	166.539993	5721800	0
168.309998	168.490005	165.050003	4684400	0
165.800003	168.5	164.809998	4998500	0
164.449997	164.580002	161.520004	5239900	1
163.75	165.940002	163.360001	4260000	1
165.399994	168.610001	162.289993	6112100	1
169.860001	172.529999	168.399994	7395900	1
169.350006	171.649994	168.589996	5212200	1
170.839996	173.199997	168.779999	5706000	0
172.669998	173.139999	169.059998	3978600	1
170.589996	173.369995	169.410004	5440300	0
171	172.050003	169.419998	5691700	0
170.119995	171.259995	165.050003	7160600	0
165.160004	165.350006	158.559998	9648600	0
158.740005	160.910004	156.770004	6571400	1
157.839996	160.850006	157.550003	4524900	1
160.740005	165	160.740005	6225300	1
163.949997	164.990005	162.839996	4464800	1
165.100006	170.600006	165	6142500	0
168.610001	168.809998	164.619995	6465300	1
171.529999	177.889999	171.529999	10042500	0
177.360001	178.380005	176.160004	4271600	1
179.990005	181.839996	177.570007	9695000	0
176.949997	177.699997	174.899994	6762200	1
179.160004	179.320007	176	5770100	0
176.860001	177.449997	173.919998	5537600	0
175.5	176.399994	174.050003	4907500	1
175.520004	178.429993	174.600006	5654200	0
180.5	181.470001	176.570007	5077100	0
177.490005	178.160004	175.199997	3726900	0
177.770004	178.110001	173.800003	4555500	1
174.880005	175.949997	173.360001	3565500	0
176.330002	177.940002	173.729996	4202500	0
174.279999	175.759995	173.089996	3685300	1
173.720001	179	173.589996	5810500	1
175.580002	178.300003	175.039993	4121500	0
178.410004	178.75	177.020004	4507300	1
179.270004	183.979996	178.039993	8735300	1
183.880005	185.649994	182.600006	5111000	1
185	185.449997	184.110001	2578100	0
184.339996	184.979996	181.889999	3358200	0
181.899994	183.139999	180.449997	2249400	0
182.100006	182.770004	181.050003	1975000	1
181.800003	184.350006	180.410004	3120100	0
183.919998	184.550003	182.75	1961200	0
181.960007	182.300003	179.509995	3451900	1
181.369995	186	181.210007	5331400	1
186.149994	187.699997	183.779999	5031800	1
184.100006	187.449997	184.070007	3418800	0
186.5	187.410004	185.25	3179700	0
187.880005	188.449997	183.740005	5221700	0
185.039993	185.289993	182.509995	3375900	0
185.419998	186	183.210007	2814200	0
185.360001	185.380005	183.300003	2679100	1
183.600006	186.449997	183.509995	3367000	1
185.5	188.940002	184.919998	3662800	1
188.660004	191.600006	188.25	3896200	0
190.899994	191	186.210007	3882400	0
185.289993	186.850006	181	5709900	0
183	183.25	176.839996	6806200	0
177.949997	178.490005	174.149994	5600300	0
175.5	176.75	174.279999	4651000	0
177.509995	177.889999	174.630005	3762200	1
177.479996	185	177.309998	14594400	0
171.449997	173.710007	166.899994	19908200	0
170.160004	171.440002	167.410004	6718100	1
170.520004	173.100006	169.509995	5085900	1
171.419998	175.199997	170.869995	4547500	1
173.5	174.669998	171.949997	3678900	1
174	177.190002	173.75	4347800	1
176.149994	177.550003	174.770004	5254700	1
176.660004	183.110001	176.589996	7794900	1
183.149994	186.470001	182.259995	8312700	1
184.389999	187.240005	183.600006	5331400	1
185.559998	189.5	185.369995	4487900	1
189.25	191.399994	188.350006	4061300	0
188.729996	190.490005	188.25	3890900	0
189.770004	190	186.350006	4628200	1
185.770004	189.089996	185.309998	3425500	0
187.539993	188.5	185.130005	4178600	0
183.679993	184.720001	179.320007	5637100	0
180.25	181.149994	174.389999	5482000	1
176.860001	179.75	174.559998	4656500	0
178.949997	180.75	177.100006	4191400	0
173.910004	175.889999	172.149994	6783200	0
173.529999	173.960007	168.669998	5847100	1
169.089996	173.300003	168.350006	5185700	1
173.710007	174.460007	172.050003	4138200	0
172.619995	172.75	169.509995	4924300	0
171.919998	172.089996	166.240005	5932900	0
169.389999	169.710007	166.720001	4219000	1
166.669998	169.75	163.899994	7108900	0
167.070007	168.470001	164.820007	5998400	1
165.5	169.199997	164.119995	4609900	0
166.600006	168.080002	164.570007	4022000	0
161.389999	166.880005	160.759995	4934500	0
164.699997	168.139999	162.869995	5208100	0
165.910004	166.300003	160.779999	6471400	1
161.190002	163.539993	160.589996	7442700	1
163.369995	165.789993	161.720001	4055100	0
164.070007	164.440002	162.25	3611400	1
162.300003	166.259995	160.820007	4721300	1
168.210007	172	167.360001	6283200	0
171.639999	173.490005	170.300003	4293800	0
171.800003	172.5	169.25	3400800	1
170.729996	174.839996	170.070007	4884600	1
177.779999	181.160004	177.660004	6859300	1
179.309998	181.570007	178.5	4826500	0
181.580002	183.25	178.589996	5684100	1
180.889999	183.610001	180.690002	4186400	1
182.100006	186.360001	181.800003	5569200	0
186.149994	188.270004	181.119995	5430700	1
182.779999	185.169998	181.759995	4564000	0
185.259995	186.220001	182.779999	3726400	0
184.860001	186.490005	181.850006	3297100	0
183.059998	184.589996	179.419998	5334500	1
180.830002	182.880005	179.800003	4216300	0
181.389999	182.080002	179.360001	3588200	0
181	181.779999	179.020004	4272400	0
178.380005	178.910004	175.369995	4616500	1
178.350006	179.470001	176.600006	2646000	1
181.619995	185	181.589996	4067500	1
184.559998	185.970001	183.050003	3348100	0
185.649994	186.350006	183.770004	3438100	0
186.270004	186.419998	180.740005	11200000	1
183.199997	197.800003	182.75	23623000	0
195.960007	196.789993	192.270004	7300000	1
194.380005	196.589996	193.779999	6640900	1
196.570007	203.419998	196.179993	9398100	0
201	202.589996	196.690002	6100000	1
198.25	201.860001	195.369995	6550000	0
198.660004	201	196.119995	4600000	1
199.100006	199.559998	196.559998	4013900	1
198.339996	202.360001	196.779999	5825400	1
201.940002	205.289993	201.559998	5885900	1
203.119995	205.5	202.25	4809000	1
204.220001	206.190002	200.619995	4800000	0
205.699997	206.389999	202.360001	4123700	0
200.539993	200.899994	191.369995	9386400	1
191.820007	195.979996	191.759995	7073300	1
194.130005	198.279999	193.25	4955800	1
198.330002	199.949997	197.550003	3701200	0
197.949997	199.800003	197.240005	3381000	0
195.559998	197.289993	192.020004	4200000	0
197	197	193	2972700	0
193.570007	194.350006	191.139999	4661300	1
191.240005	196.449997	190.880005	4075200	0
194.759995	196.119995	193.5	2352600	1
195.940002	198.440002	195.029999	3409000	0
196.059998	197.259995	192.050003	3445200	1
192.279999	194.440002	190.559998	3044900	0
191.229996	193.210007	187.619995	4974500	0
188.009995	189.850006	185.179993	3716000	1
185.720001	190.630005	185.520004	4866500	1
187.449997	189.809998	186.320007	3716600	1
189.740005	191.759995	185.710007	4187300	0
189.25	190.770004	186.279999	3760400	0
186.809998	189.309998	184.860001	3868900	1
188.990005	190.720001	187.070007	3960300	0
188.039993	192.449997	185.300003	6317700	0
185.740005	187	181.589996	6032100	1
186.509995	187.389999	184.639999	6322200	1
185.960007	188.850006	185.570007	2831700	1
188.300003	195	187.119995	4182600	0
193.960007	195.199997	191.320007	3129700	1
189.5	194.460007	188.300003	4609600	0
193.880005	194.919998	191.350006	3614500	1
194.5	202.580002	194.029999	6100700	1
201.919998	202.880005	200.600006	3825300	1
202.669998	206.25	201.029999	4608900	1
200.779999	205.199997	200.5	4448100	1
205.550003	210.270004	203.610001	4008700	1
208.759995	214.449997	208.729996	3585200	1
212.119995	214.399994	211.009995	2607600	1
215.089996	217.800003	215.089996	3144900	1
214.300003	218.320007	213.25	3707900	0
216.740005	217.5	211	4033700	0
214.639999	215.649994	211.119995	3985700	1
214.699997	216.830002	212.139999	4229900	0
213.580002	215.910004	209.380005	3902500	1
213.080002	214.529999	209.289993	4072600	0
212.529999	213.389999	208.289993	2898100	1
213.770004	218.399994	213.770004	4437200	0
220.050003	220.199997	214.410004	3372900	0
216.740005	217.089996	211.070007	4545300	1
213.860001	217.949997	211.110001	3591700	0
215.490005	216.080002	213	3342800	1
214.990005	215.600006	210.350006	9863600	1
224.389999	227.199997	219.619995	12955600	1
223.270004	225.949997	220.229996	5354900	0
221.289993	225.75	219.509995	5167700	0
225	227.449997	217.660004	5789300	0
220.320007	222.429993	211.300003	6586700	0
212.970001	214.830002	205.539993	8197100	0
206.729996	208	201.449997	6579500	1
204.669998	207.320007	194.839996	10024000	0
196.399994	200.389999	190.050003	10427500	1
196.699997	205.089996	190.460007	10491200	0
200.759995	202.399994	193.600006	8757600	1
197.009995	200.850006	191.360001	7401900	1
200.279999	204.559998	197.210007	5620400	1
202.059998	205.279999	198.320007	4785900	0
201.139999	201.389999	194.75	5205900	0
198.529999	199.600006	193.740005	3991100	0
191.210007	191.339996	179.720001	8275200	0
180.289993	190	177.550003	7244200	0
182.830002	184.199997	177.100006	5313700	1
178.919998	194.839996	178.520004	7351600	1
193.889999	196.309998	190.169998	6248700	0
194.410004	196.990005	191.070007	3760800	1
191.240005	199.720001	189.600006	5310700	1
202.820007	206.669998	202.550003	4511000	1
205.779999	212.490005	204.320007	5915700	1
212.270004	216.169998	211.350006	7405000	0
215.279999	217.639999	211.619995	5275300	0
208.940002	210.690002	207	4232000	1
204.770004	216.600006	204.470001	6216200	1
218.800003	220.190002	214.220001	5295800	0
218.300003	220.639999	216.339996	4397900	0
215.050003	216.960007	209.75	4574300	1
208.75	216.660004	208.649994	5342100	1
217.789993	219.949997	215.009995	4835900	1
220.220001	224.990005	216.720001	5881700	1
223.990005	227.199997	221.25	5608800	1
227.570007	240.440002	226.740005	11753000	1
237.110001	244	232.880005	8223300	0
240.800003	241.050003	231.029999	7385500	0
234.509995	240.520004	231.809998	5881500	0
224.720001	228.789993	219	8254600	1
220.509995	224.490005	219.059998	6468100	1
227.479996	230.240005	221.399994	5794100	0
234.220001	234.75	222.399994	7837500	1
226.350006	235.809998	225.600006	14436900	0
234.169998	234.300003	216.289993	9378500	0
218.190002	223	215.210007	6550300	0
217.009995	221.600006	211.389999	6624400	1
209.619995	215	200.429993	8711600	1
212.529999	220.169998	208.479996	6508200	1
220.279999	223.619995	217.550003	6849300	1
222.479996	227.899994	218.410004	6784300	1
226.229996	232.800003	224.100006	5143100	1
230.600006	236.75	229	5003700	1
236.639999	241.839996	234.330002	6510800	0
237	239.679993	235.229996	4833500	1
240.869995	246.710007	240.179993	5923700	0
244.289993	246.710007	240.669998	4779000	1
242.309998	244.610001	236.619995	4609700	0
240.669998	243.330002	229.25	6715100	1
232.130005	234.740005	229.800003	4524900	1
236.910004	237	230.600006	4572500	1
236.020004	240.470001	234	4975800	0
238.589996	239.009995	225.889999	14012600	0
203.690002	207.580002	196.509995	24134200	1
204.259995	208.600006	201.100006	10774300	1
206.529999	218.399994	205.75	9880400	0
215.789993	218.889999	213.039993	7343300	0
208.110001	216.210007	207.429993	8511800	1
215.550003	216.789993	212.720001	6122000	1
216.300003	218.5	213.020004	5315000	0
217.649994	218.229996	214.330002	4065800	1
216.839996	220.199997	214	3860000	1
219.199997	219.350006	215.210007	3914500	0
214.949997	215.699997	210.600006	4680600	0
213.5	214.059998	208.100006	5044600	1
212.520004	217.880005	210.309998	5163100	1
215.649994	222.350006	214.25	6522200	0
218	220.330002	214.259995	5739000	0
216.270004	216.970001	211.229996	5509400	0
212.509995	212.899994	202.100006	7983100	0
205.330002	205.339996	197.110001	8437500	0
193.289993	193.360001	185.050003	11321200	1
186.949997	194.039993	183.580002	9915600	0
193.059998	194.600006	187.889999	8011300	0
190.410004	190.830002	181.509995	4972000	1
191.649994	194.619995	190.539993	7207300	0
194.779999	195.5	187.300003	6575100	1
194.759995	195.300003	188.75	7717000	1
191.850006	198.070007	191.589996	7327700	0
197.070007	199.660004	195.179993	7526200	1
198.860001	199	193.669998	5922100	0
195.979996	198.320007	190.110001	5202000	1
191.029999	196.710007	189.119995	6427300	0
193.570007	195.889999	190.080002	4361100	1
191.210007	193.949997	188.399994	5158800	0
190.029999	191.149994	187.630005	4343200	0
188.559998	189.679993	178.5	9297300	0
179	180.75	170.25	11614200	1
182.050003	184.800003	179.529999	7259900	0
182.419998	184.410004	180.309998	6664100	0
182	183.169998	179	4533600	1
182.690002	183.169998	180.539993	4600100	0
181.919998	183.5	172.490005	8066700	1
175.089996	179.669998	174.210007	4694900	0
179.220001	179.679993	175.600006	3496500	0
177.729996	178.589996	176.160004	2950900	0
176.389999	176.649994	172.279999	3659500	0
169.619995	174.550003	166.970001	8209300	0
173.360001	175.169998	172.490005	4279800	1
175.889999	179.479996	175.550003	5110800	0
179.210007	180.5	176.070007	4205200	1
175.940002	178.25	174.050003	3809100	1
178.070007	184.649994	177.5	7008400	0
182.759995	184.369995	177	5056900	1
181.100006	182.399994	177.100006	3985800	0
179.639999	180.770004	178.190002	3102700	0
179.419998	179.490005	175.75	5385800	1
175.809998	178.800003	173.5	4753500	1
180.149994	183.300003	178.509995	5644500	1
181.940002	190.25	181.119995	7473500	1
190.880005	195.940002	190.360001	7096000	0
190.710007	192.899994	189.039993	5610300	0
190.789993	191.729996	185.229996	4585300	1
185	188.410004	183.820007	4673800	1
186.990005	188.169998	184.610001	4306400	1
189.300003	194.850006	188.729996	5873600	1
193.089996	196.5	192.330002	4659000	0
193.679993	195	190.130005	5424100	1
194	195.630005	189.699997	12772200	0
173.809998	179.949997	172	21336600	1
179.649994	181.940002	176.800003	8736300	1
182.830002	187.899994	181.889999	8120500	0
186.279999	186.559998	182.919998	5310000	1
182.649994	184.940002	182.059998	5103900	1
184.949997	186.490005	182.910004	5476600	0
184.5	185.690002	181.759995	7189200	1
183.419998	187.630005	182.520004	5797100	1
187.169998	192.5	185.679993	6071400	0
191.080002	193.570007	186.100006	9527100	0
191.289993	191.539993	183.259995	7794400	0
177.789993	181.679993	175.139999	12563800	1
180.089996	183.410004	179.360001	7418100	0
182.649994	184.75	180.580002	6756500	0
181.949997	182.990005	180.289993	5785400	0
179.639999	180.75	176.960007	5153800	1
179.699997	180.740005	178.369995	3668700	0
177.539993	179.190002	176.5	3706200	1
178.899994	184.289993	177.949997	5764500	0
183.889999	184	179.009995	5300300	1
179.889999	180.490005	176.580002	4936000	0
179.479996	181.839996	178.919998	3657800	1
179	181.820007	178.179993	4682700	1
178.679993	183.5	178.039993	5612200	1
182.649994	185.5	182.399994	4951500	1
184.169998	188.380005	183.800003	4221500	0
186.789993	187.199997	183.440002	4510600	0
184.130005	185.399994	182.199997	2587600	1
183.919998	184.869995	180.770004	4405800	0
183.649994	184.320007	181.139999	3699700	1
182.020004	184.429993	180.300003	4160100	1
183.279999	185.679993	182.350006	4934000	1
183.449997	186.679993	183	3903400	1
184.880005	194.410004	182.880005	9165400	0
192.5	194.279999	191.259995	4214400	1
190.539993	194.059998	190.259995	3739600	1
192.009995	196.199997	191.800003	5984000	1
196.479996	202.970001	195.5	7613700	1
203.589996	209.850006	202.880005	9600800	0
206.139999	207	200.309998	6245000	1
201.279999	205.309998	200.630005	5711200	0
205.020004	206.850006	201.869995	4438100	0
198.020004	199.899994	197	6430300	1
198.240005	202.389999	197.5	5000700	0
196.949997	197.679993	192.360001	5456900	1
193.550003	196.029999	193.550003	3217500	0
192.020004	194.199997	190.5	3135900	0
192.75	193.520004	186.570007	4455000	1
189.630005	191.970001	186.789993	4337800	1
188.059998	192.259995	185.610001	4027900	0
189.899994	189.940002	186.259995	3431800	0
189.009995	189.470001	183.649994	4044300	1
187.210007	190.039993	186.869995	2829200	1
188.820007	193.449997	188.740005	4001900	1
192.929993	194.550003	189.75	4002400	0
192.339996	193.479996	189.800003	3243600	0
188.990005	188.990005	185.509995	3481000	1
188.679993	190.699997	186.509995	3376300	1
191.669998	194.800003	191.600006	3955100	1
193.570007	196.360001	193.020004	10234000	1
224.830002	228.690002	220.220001	22116900	1
223.949997	233.839996	223.050003	9756900	0
229.399994	232.970001	228.399994	6754900	1
227.820007	231.440002	227.399994	4593400	0
229.740005	232.529999	228.029999	4055500	0
227.800003	229.720001	223.740005	4585200	1
222.360001	226.869995	222.289993	3314300	0
223.149994	225.389999	218.199997	4522400	0
220.589996	225.779999	220.160004	3712000	1
223.910004	229.080002	221.949997	4648400	1
225.949997	230.679993	225.729996	4193600	0
225.600006	227.289993	222.509995	3096600	1
226.5	230.610001	223	5713700	0
225	228	222.5	5261800	0
225.050003	226	218.089996	4505500	0
219.410004	219.630005	212.809998	5231700	1
214.029999	219.979996	212.820007	3579800	0
218.309998	218.869995	213.960007	3733100	1
214.710007	217.550003	211.179993	4243800	0
216.979996	217.660004	212.699997	3141100	0
214.990005	215.979996	212.220001	2171400	1
214.300003	216.550003	212.289993	2693900	0
212.139999	212.979996	207.75	4078200	1
209.479996	213.789993	207.110001	4944000	0
208.440002	211.229996	207.300003	3951500	1
207.399994	215.350006	206.369995	4299600	0
213.850006	216.860001	211.160004	3543900	1
214.630005	218.399994	214.520004	2710100	1
219.649994	221.490005	218.110001	3503900	0
218.610001	219.419998	216.660004	2877000	0
217.490005	220.869995	215.199997	3749100	0
217.649994	218	214.520004	2833300	0
215.520004	217.380005	213.520004	2325200	0
215.259995	216.5	212.559998	3060900	1
215.289993	219.330002	214.460007	3785200	1
217.279999	223.759995	216.729996	3369600	1
223.259995	225.199997	221.660004	2716600	0
224.509995	224.740005	220.839996	2444400	0
223.839996	226.029999	220.520004	2843000	1
221.830002	222.509995	219.350006	2187500	0
220.300003	221.589996	218	2382300	1
221.449997	226.389999	221.449997	3754100	1
225.009995	227.5	223.300003	2799200	0
223.919998	224.619995	218.75	2994800	1
224.699997	228.350006	223.710007	3614400	1
229.300003	229.339996	226.339996	2330700	1
229.139999	229.529999	227.589996	1331700	0
228.619995	230.5	226.529999	2682300	0
226.350006	228.899994	224.179993	3203200	0
225	226	223.449997	1922000	0
226.25	227.139999	218.279999	2982100	0
218.949997	221.740005	215.339996	2734700	0
216.610001	217.300003	212.610001	2616200	1
215.630005	219.309998	213.880005	2221900	0
216.600006	218.309998	214.460007	2004200	1
217.449997	217.940002	213.960007	1987000	1
216.149994	218.669998	215.710007	2093000	1
220.729996	227.5	220.690002	5449400	1
225.360001	229.389999	225.289993	4170000	0
224.720001	226.580002	221.539993	5515100	0
226.270004	226.610001	221.229996	5008700	0
222	222.5	215.910004	3646700	1
220	221.449997	214.949997	6937400	1
225.25	238.339996	224.5	11313900	0
237	240.740005	234.070007	3736400	0
235.100006	236.300003	231.610001	3453600	0
234.139999	234.380005	230.699997	2543800	0
230.559998	234.339996	228.660004	3048100	1
234.029999	236.490005	233.029999	2825300	0
235.559998	235.740005	233.809998	1843700	1
234.130005	238	233.25	2058300	0
235.289993	236.449997	233.589996	1534300	0
233.929993	235.990005	233.5	1548100	0
233.080002	234.850006	231.429993	1852500	0
232.229996	234.369995	231	1997300	1
234.710007	236.720001	232.619995	2751000	1
232.259995	238.139999	232.25	3264700	1
237.720001	242.820007	236.199997	4312100	0
240.600006	243.350006	240.470001	3085800	0
241.369995	241.649994	238.199997	1889900	0
240.880005	243.850006	238.550003	2571500	1
239.399994	244.899994	238.800003	2473700	0
242.139999	243.479996	239.020004	2453900	1
241.679993	246.869995	241.360001	3698800	0
245.789993	247.5	243.119995	2929700	1
243.970001	246.779999	243	2742300	1
246.779999	247.610001	244.589996	1772600	0
246.990005	250	245.25	3647500	1
248.070007	249.449997	245.5	3347500	0
248.270004	251	244.660004	3950800	0
247.610001	248.610001	245.300003	2652600	1
248.229996	252.699997	247.199997	5361400	1
253.850006	259.420013	253.520004	5029500	0
259	260	256.820007	2567200	0
257.600006	257.600006	254.259995	2524800	0
256.5	257.779999	253.5	2273200	1
254.940002	262	253.800003	3525600	1
261.399994	264.109985	259.769989	3666200	0
261.25	261.25	257	2306300	1
258.480011	260.5	257	2215000	1
259.450012	262.839996	258.529999	2636800	0
260.029999	260.869995	258	2913600	0
261.73999	262	256.73999	6059300	0
255.220001	255.600006	253	2707900	0
256.329987	258.950012	251.029999	4405800	0
252.399994	254.610001	248.229996	2920500	1
250.539993	257.399994	250.520004	3397400	0
256.140015	257	253.199997	2456600	0
255.399994	256.160004	250.490005	2581200	0
252.800003	253.149994	249.029999	2195800	1
251.210007	256.100006	249.559998	2745600	1
256.01001	261.519989	255.869995	2700400	0
261.200012	261.899994	257.48999	2806500	1
257.670013	259.799988	255.559998	1762300	0
258.670013	259.350006	250.729996	3494800	0
252	252.460007	244.009995	3948300	0
248	249.300003	241.889999	3447300	0
243.179993	245.460007	241.910004	2203200	1
242.850006	244.779999	238.509995	2959800	0
244.869995	245.770004	242.080002	2204100	1
243.369995	248.800003	243.300003	3302700	0
247.770004	250.910004	242.699997	5305300	0
245.160004	246.820007	238.940002	4395300	0
238.809998	238.949997	232.320007	4500000	1
231.050003	236.5	230.009995	4430800	0
235.880005	235.940002	227.949997	3678700	0
230.919998	230.919998	222.919998	6741300	1
228.600006	238.710007	226.690002	11367500	0
236.320007	238.699997	230.5	4797600	0
234.229996	234.550003	231.339996	3905100	1
234.009995	237.399994	232.110001	3374700	1
232.039993	234.830002	230.110001	1846100	1
235.410004	237.75	234.449997	2661300	0
235.649994	235.660004	229.419998	3624200	0
232.220001	233.449997	227.100006	2982400	0
226.259995	230.970001	224.600006	3092500	1
226.589996	229.220001	225.410004	2128800	1
225.119995	227.899994	224.710007	2629800	0
226.5	227.410004	222.509995	3034100	0
222.300003	225.160004	218.179993	3404700	1
221.309998	226.25	218.639999	4352800	1
228.320007	232.5	227.449997	3591200	1
230	233.820007	229.5	2771700	1
233.839996	238.669998	232.75	2959300	1
239.889999	240	236.479996	1776800	1
240.389999	244.320007	238	4178300	0
243.220001	245.669998	241.539993	3048500	1
242.449997	247.229996	241.5	2743400	1
248.050003	252.479996	247.5	5310500	1
250.380005	252.649994	248.270004	3797400	0
252.539993	254.160004	250	2990600	1
249.940002	253	248.660004	3114700	1
252.440002	255.550003	250.380005	2852200	0
253	255.169998	251.509995	3557900	0
254.139999	255.210007	252.009995	2170300	0
253.100006	254.779999	247.300003	3503800	1
248.5	253.479996	246.649994	4185200	1
251.070007	254.360001	250.059998	2628100	0
251.110001	254.539993	250.020004	2460200	0
250.110001	251.899994	247.789993	2526900	1
249.809998	254	249.259995	2277000	1
254.570007	263.109985	254.570007	4961000	0
261.299988	261.670013	257.679993	2300000	1
258.359985	262.410004	256.540009	2584600	0
257.820007	258.380005	255.740005	4704600	1
257.299988	259.5	256.959991	984400	0
257.149994	257.420013	248.039993	4152700	0
248.279999	249.350006	242.860001	3639300	0
245.850006	247.440002	245.050003	1858700	1
243.75	252.410004	242.75	3419000	1
256.079987	258.100006	253.259995	3271000	1
257.269989	260.880005	256.369995	2750900	1
257.579987	259.799988	256.649994	1874200	1
262.970001	269.730011	262.670013	4910000	0
267.070007	268.980011	263.570007	3010700	0
268.170013	269.5	265.399994	2265600	0
268.540009	268.73999	262.299988	2863400	1
265.100006	268.429993	264.109985	2413300	1
268	274.26001	267.540009	4275000	0
270.679993	272.730011	269.299988	2326900	0
270.529999	271.23999	267.829987	2065600	1
271.5	271.970001	269.209991	1884600	1
270.829987	274.5	269.600006	2942000	0
271.619995	272.100006	269.230011	2137700	0
270.570007	271.089996	266.649994	2508900	1
269.369995	276.649994	269.369995	3417000	1
275	284.720001	274.399994	4968100	0
283.779999	284.480011	274.399994	4321400	0
275.350006	275.459991	258.350006	10172600	1
283	284.200012	267.109985	13075400	0
271.040009	275.940002	263.700012	6772100	0
268.929993	268.929993	262.799988	6115000	0
262.779999	264.679993	259.070007	3723600	1
262	268.029999	261.459991	4012900	0
265.160004	266.890015	261.109985	2770400	0
264.100006	264.100006	255.110001	3975700	1
261.399994	265.25	260.549988	3879200	0
263.200012	263.25	256.600006	3403700	1
259.190002	260.160004	257	2943700	1
261.529999	269.959991	260.299988	5293000	0
267.369995	270.649994	265.399994	3463000	0
267.630005	268.920013	263.109985	3979900	1
265.910004	270.109985	264.5	2854200	0
270.200012	274.299988	266.369995	3528900	0
265.119995	269.480011	263.25	3637400	0
266.619995	267.109985	261.609985	3124800	0
266.940002	268.690002	259.649994	3032400	0
260.890015	262.040009	255.729996	3348600	1
259.399994	265.829987	256.859985	2908100	1
261.809998	267	260.630005	2667200	1
263.269989	266.600006	261.040009	2957000	1
265.359985	273.299988	264.140015	3453000	1
274	276.679993	269.98999	3686200	0
275.76001	276.48999	271.829987	2050700	1
274.100006	274.799988	271.850006	1939000	1
275	275.440002	271.5	1879800	0
273.429993	273.98999	270.399994	1904900	1
271	277.399994	270.359985	3246200	1
275.23999	276.5	272.640015	1884200	0
269.670013	270	263.529999	5226700	0
264.980011	267.26001	260.049988	4865900	0
259.299988	261.48999	257.119995	2720200	0
258.399994	259.5	252.619995	3738500	1
258.049988	259.76001	254.550003	2738900	0
256.109985	257	252.679993	2806400	1
254.550003	257.769989	252.070007	3124600	0
258.579987	259.429993	254.5	2513900	1
257.049988	261.480011	256.279999	2421000	1
258.75	265.929993	257.899994	2874900	1
265.820007	267.380005	264.059998	2473700	0
266.980011	267.399994	261.01001	2524800	1
262.399994	265.890015	260.549988	2631100	0
262.119995	263.670013	257.75	2413800	1
259.230011	260.410004	256.119995	1964400	0
255.720001	256.179993	253.669998	2557400	1
255.919998	259.679993	255.630005	2295600	1
258.850006	262.609985	257	2156600	1
261.779999	265.980011	259.320007	2322500	1
264.73999	270.970001	264.73999	3090500	1
270.119995	273.269989	267.019989	2866300	0
271.079987	275.119995	267.100006	3326000	1
269.309998	272.799988	268.059998	2137200	0
270.799988	270.850006	264.25	3135100	0
266.809998	266.98999	256.600006	3137600	1
258.160004	262.880005	257.5	2602500	1
259.350006	264.600006	258.029999	2119100	1
264.5	269.869995	264.5	2270600	0
269.5	271.470001	266.809998	1852800	1
271.529999	275.799988	270.5	6116500	0
269.970001	272.019989	252.809998	14030000	0
254.899994	257.01001	249.149994	7117000	1
249.369995	254.679993	248.559998	4248800	0
253.899994	254.199997	245.75	4391400	1
248.940002	252.929993	245.779999	3936200	1
256.140015	259.25	254.699997	3514000	0
258.089996	259.5	253.419998	2347800	1
256.309998	259.73999	252.910004	3133700	1
256.869995	260.299988	255.330002	2677000	1
258.730011	263.549988	256.880005	2769300	1
260.880005	263.649994	260.209991	3145300	1
262.769989	265.880005	262	2149500	1
264.5	269.399994	264.029999	2700000	0
267.070007	269.049988	264.559998	2720500	0
265.959991	268.429993	263.850006	1643500	1
265.829987	269.980011	265	2527300	0
269	271.790009	266.5	2209000	1
268.73999	270.769989	267.660004	1741200	0
267.390015	267.589996	260.799988	3332000	0
260.48999	263.170013	259.589996	2000300	0
259.850006	261.929993	258.339996	1696300	1
266.480011	271.100006	266	3471000	0
265.459991	268.25	264.839996	1903400	1
265.709991	268.570007	265.609985	1667500	1
266	271.910004	265.940002	3374300	0
268.959991	269.109985	262.950012	2543900	0
267	268.880005	263.019989	2088600	1
265.809998	271.660004	265.019989	3512300	1
267.75	270.5	264.209991	2476300	1
269.73999	280.100006	269.130005	4632600	1
276.679993	282.470001	275.23999	3086500	0
276	278.410004	274.23999	3097800	0
276.600006	276.799988	270.450012	2238900	1
271.5	276.799988	270.290009	2649800	0
275	277.070007	273.440002	2150800	1
276.350006	280.200012	275.649994	2884000	1
279.079987	282.910004	278.109985	2146100	0
281.26001	283.339996	277.869995	2827500	0
275.140015	278.600006	272.390015	2984000	0
274.570007	275.839996	269.790009	4201000	0
271.290009	273.160004	265	3863800	1
272.299988	273.470001	269	2449600	1
273.980011	277.980011	273.5	3029500	0
279.179993	280.200012	274.540009	2519500	1
276.190002	279.829987	276.190002	3193300	1
279	283.290009	277.160004	2888200	1
281.040009	286.579987	280.589996	3238200	1
282	285.399994	282	1373000	1
285	286.380005	282.070007	1985400	1
286.420013	291.670013	286.140015	3046700	1
291	292.570007	288.01001	2775600	1
291.410004	293.339996	289.399994	1810200	1
294.98999	300.690002	292.100006	4007300	1
298.690002	307.549988	298.5	4539300	0
307.269989	307.98999	304.350006	2245600	1
307.299988	309.390015	305.51001	2660200	1
306.970001	308.799988	305.690002	2029700	0
306.269989	306.339996	301.869995	3063800	1
304.390015	305.790009	301.910004	2973100	0
309.25	309.25	302	2520700	0
303.160004	305.059998	300.559998	1999600	0
303.019989	303.839996	298.040009	2000500	1
299	304.5	296.75	5405800	1
299.549988	313.619995	295.549988	8817500	0
311.070007	313	305.899994	3211800	0
307.720001	309.779999	301.570007	3053400	0
303.910004	305.149994	301	1891300	1
303.079987	306.209991	298.899994	2971700	0
304.630005	305.329987	301.5	2502600	0
303.399994	303.619995	298.299988	2233200	0
300.51001	301.359985	297.519989	1849000	0
300.149994	300.98999	296.149994	1961000	0
298.519989	298.519989	292.549988	2343400	1
295.679993	299.269989	294.299988	1950300	0
295.790009	299.079987	295.26001	1504500	0
295.880005	296.369995	290.670013	2349900	0
294.290009	294.290009	290.540009	1415000	0
288.790009	289.299988	285.149994	2261400	0
286.549988	288.329987	284.5	2422500	1
285.190002	289.559998	283.480011	2477400	1
285.880005	289.51001	285.73999	1586300	0
285.089996	288.5	283.829987	1815300	1
284.799988	289.869995	284.799988	1422600	1
291.209991	291.5	287.899994	1961900	0
290.429993	291.049988	285.619995	1711700	0
283.869995	285.279999	279.73999	2476000	1
280.359985	283	279.329987	1457100	1
281.450012	285.980011	280	1566400	0
284.589996	284.869995	280	1534700	1
284.730011	291.390015	284.170013	2897600	1
288.329987	295.230011	287.579987	2438600	1
293.630005	297	292.709991	1816600	1
295.329987	298.880005	290.799988	2292000	1
297.220001	299.959991	296.600006	1643600	1
300.549988	301	297.220001	1778400	0
298.910004	301.859985	297.839996	1742600	0
299.390015	302	297.660004	1606200	0
300.140015	300.220001	296.200012	1350600	0
299.820007	301	295.26001	1808400	1
297.630005	304.649994	296.01001	2296500	1
304.059998	312.73999	302.910004	2946400	1
313.769989	314.540009	311.040009	2350900	1
312.540009	320.570007	312.410004	5302300	0
314.01001	315.899994	308.769989	1884900	1
312.429993	318.079987	311.279999	2033600	0
314.529999	316.709991	310.75	2008600	1
313.899994	319.369995	313.26001	1989900	0
316.920013	317.209991	313.350006	1657500	0
313.410004	315.309998	311.059998	1623600	1
314.220001	321	313.649994	2396400	0
318.040009	321.730011	317.519989	2217400	0
320.390015	322.920013	313.019989	2674800	1
315.130005	319.200012	312.619995	1815000	0
315.23999	315.339996	309.73999	2083200	0
311.5	311.549988	300.269989	3166200	0
303.420013	303.5	296.5	3247400	1
304.630005	306.700012	302.589996	2555100	1
304.769989	310.929993	303.839996	2163100	0
309.220001	311.649994	307	1939100	0
309.869995	310.790009	305.26001	2261100	1
308.380005	310.799988	305.549988	2170700	1
307.070007	311	305.23999	2648400	1
319.359985	331.890015	316.75	5969800	0
329.890015	330	323.799988	2522300	1
327.720001	337.109985	325.679993	3935500	0
330.839996	331.720001	324.059998	2818200	1
329.630005	332.649994	326.75	5884700	1
358.600006	368.399994	352.619995	12036800	0
359.920013	362.75	357.200012	3635800	1
358.959991	362.890015	356.290009	2185400	0
362.619995	365	358.649994	4502200	1
361.730011	366	359	2466800	0
365.630005	365.769989	356.100006	3331000	0
360.119995	361	354.399994	1938400	1
356.779999	360.170013	354.839996	2007100	0
360.450012	362.869995	354.5	2282300	0
355.859985	357.899994	341.880005	4246300	1
345.950012	351.049988	344.040009	2656900	1
350.589996	355.369995	348.059998	2261700	0
352.98999	355.480011	347.279999	2343100	1
347.399994	356.220001	345.679993	2773300	1
357.390015	368.940002	356.429993	4159800	1
367.630005	372.899994	365.549988	4491600	0
370.279999	373.48999	364.670013	2737400	0
365.820007	368.779999	362.5	1904800	0
367.559998	367.559998	360.450012	1771500	1
364.049988	369.25	363.299988	1964600	1
370	374.5	366.309998	2965500	1
373.820007	377.790009	373.179993	2972300	1
377.609985	382.5	374.820007	2724400	1
383.5	387	382.609985	2269700	1
389.100006	394.100006	388.619995	2406000	0
399	399	389.100006	4714000	0
390.109985	390.950012	383.100006	3702900	1
383.5	389.690002	381.48999	2355300	0
386.649994	386.649994	381.369995	1906500	1
388.350006	388.350006	383.829987	1984700	0
388.109985	388.209991	382.570007	2761800	1
383.73999	389.059998	383.019989	2736800	0
387.339996	388.980011	382	2451300	0
381.26001	385	379.5	2123700	1
385.320007	389.420013	383.799988	3025000	1
385.029999	391.700012	385	2251700	0
390.649994	391.359985	386.5	2343900	1
389.230011	396.299988	383.100006	3489100	0
394.269989	397.290009	392.600006	2427200	1
396.549988	404.720001	395.779999	5033900	1
403.690002	405	399.200012	2659500	0
402.519989	403.720001	396.369995	1380400	1
401.790009	404.519989	396.809998	1868500	0
404.649994	405.630005	396.25	1986900	0
399.410004	399.920013	392.450012	2487100	1
394.579987	398.829987	393.799988	1996500	0
398.799988	399.359985	394.019989	2137800	0
398.290009	402.709991	396.220001	2210200	0
395.850006	397	388.420013	3170600	1
395.040009	398.470001	394.290009	1916000	1
398.470001	403	396.040009	2316500	0
403.709991	406.890015	398.440002	2103000	0
402.529999	403.76001	393.799988	2679500	0
397.980011	399.779999	388.450012	2844900	1
392.130005	398.630005	391.290009	2340100	0
398.940002	399.309998	392.529999	2678300	0
393.679993	399.290009	389.410004	2601200	1
394.26001	403.48999	393.660004	4505100	1
403	407.799988	401.600006	3122100	0
408	408.059998	402	2060500	0
401	406.170013	397.790009	3025400	0
398.160004	400.200012	387.269989	4458400	0
390.5	394.100006	380.48999	3936800	1
387.399994	394.73999	387.119995	2894500	0
392.160004	392.850006	383.23999	3382300	1
393.769989	406.25	387.700012	10473900	0
371.76001	375.450012	357.76001	16154800	0
358.980011	360.850006	340.100006	10280800	1
349.589996	354	344.019989	4812900	0
346	349.369995	337.730011	4435400	1
347.399994	354.820007	347.399994	3335700	1
358.980011	361.799988	352.48999	4330500	0
361.609985	365	359.350006	3449700	1
361.839996	363.609985	356.25	3222100	0
356.429993	357.75	346.320007	6587700	1
347.700012	357.200012	346.5	4175000	1
359.339996	359.339996	353.350006	3520200	0
355.279999	355.730011	349.450012	4998000	0
352.640015	354.540009	346.100006	4168100	1
348.799988	350.459991	344.380005	3492800	0
352.440002	354.140015	346.75	4210000	1
345.190002	353	343.290009	3644700	1
353	361.079987	351.579987	3736400	1
359.859985	364.75	357.170013	3622100	1
357.220001	360.589996	355.5	3104900	1
360.600006	365.869995	357.079987	3882000	0
358.73999	360.959991	354.480011	2798300	1
363.899994	365.679993	362.459991	2704400	1
364.130005	372.730011	363.899994	3848300	0
374.049988	375.329987	368.899994	2926600	0
374.579987	374.98999	369.529999	2279800	0
372.690002	372.730011	367	2105800	0
370.98999	372.799988	367.279999	2246100	1
366.399994	371.160004	363.609985	2216600	1
376.619995	383.109985	368.079987	6829000	1
372.799988	378.570007	371.549988	4402200	1
375.720001	378.850006	374.880005	2303000	1
377.320007	379	375	2483500	0
378.769989	379	369.420013	2646700	0
370.640015	373	366.220001	2558500	0
371	372.839996	358.399994	5414100	0
360.089996	361.5	348.600006	4873500	1
354.029999	358.970001	348.839996	4445700	0
357.130005	357.600006	343.399994	4120700	0
343.149994	344	330.880005	5766400	0
340.049988	347	336.079987	3986800	0
342.399994	346.290009	334.059998	4297500	1
338.089996	344.429993	338	3600100	0
345.98999	348.299988	340.380005	4475500	0
341.820007	342.5	328.459991	6399300	0
335.149994	335.440002	315.609985	12534600	0
320.98999	324.940002	313.130005	7077400	1
321.880005	328	318.440002	6577600	1
328.470001	332.179993	322.5	5056600	0
330.600006	331	316.5	6126700	0
314	316.5	309.5	7287500	1
317.670013	320.480011	311.279999	4293500	1
316.700012	318.279999	305.5	5398600	1
321.170013	324	314.709991	4284900	1
319.76001	328.660004	319.76001	4299200	1
323.970001	331.149994	322.309998	2999400	0
332	337.5	328.940002	3711600	0
333.059998	333.130005	323.390015	3604600	1
329.670013	337.399994	322.950012	9293700	0
316.25	316.48999	302.709991	16180200	0
304	304.390015	288	14479800	1
296.440002	301.839996	290.450012	6509300	1
298.100006	304.559998	298.100006	4088600	1
304.130005	310.480011	304	4328600	1
310.420013	313.290009	304.309998	3995100	1
306.369995	310.230011	305	2519900	0
309.529999	309.809998	297.040009	4682300	0
295.559998	296.399994	286.679993	7015200	0
290.820007	295.880005	287.230011	3848200	1
290.570007	293.679993	284.380005	4063000	1
294.299988	303.339996	294.160004	3729600	1
302.600006	305.600006	300.75	3509900	0
302.5	304.640015	296.660004	3323300	0
298.019989	299.200012	290.380005	4295100	1
292.799988	298.880005	291.549988	3636800	0
295.76001	299	293.809998	2284200	1
297.100006	304.459991	296.75	4095700	1
302.209991	305.959991	301.519989	3408800	0
305.049988	308.540009	303.01001	2576800	1
305.459991	312.350006	304.899994	3052900	0
314.410004	314.630005	307.380005	4862100	0
309.5	313.820007	307.420013	2726000	1
310.420013	314.869995	310.200012	2365500	0
314.429993	314.649994	307.570007	4260200	0
312.589996	312.600006	307	2203400	0
305.75	307.920013	305.070007	2379200	0
306.850006	309.5	303.839996	2107100	1
308.100006	327.940002	306.899994	7796700	1
325	330.880005	324.929993	5244000	0
331.570007	333	325.649994	3212200	1
327.649994	335.5	327.5	3663400	1
336	340.720001	333.880005	4436800	0
335.549988	335.549988	324.660004	4276300	1
327.049988	329.299988	323.529999	2764800	1
324.859985	328.690002	323.519989	2449800	0
327.540009	331.339996	325.230011	2924100	1
328	335.75	325	6401500	0
335.26001	338.899994	325.980011	5320600	0
327.76001	328.220001	320.420013	6054000	1
323.329987	327.549988	321.410004	2604800	0
327.540009	329.730011	322.73999	2626600	1
324.329987	328.149994	321.73999	2327800	0
328.48999	328.649994	322.130005	2699500	0
325.880005	326.519989	323.269989	2416200	1
324.980011	326.980011	322.23999	2671300	1
325.859985	333.200012	325.100006	3173600	1
333.200012	336.76001	331.660004	2681300	1
334.829987	338.299988	333.079987	1944300	0
337.5	337.549988	332.519989	2128900	0
333.100006	333.73999	321.399994	4271600	1
324.709991	330.200012	323.149994	3166100	0
324.339996	329.980011	322.649994	2665000	1
334.709991	347	334.709991	8300800	1
347.029999	355.769989	345.359985	5609900	0
353.720001	355.589996	349.399994	4170900	1
355.619995	359.320007	353	3503600	0
353.440002	356.959991	351.380005	3636000	1
354.399994	359.679993	352.079987	3407400	1
358.100006	361.709991	356.720001	2278400	1
355.25	362.929993	355.25	2888900	0
359.049988	360.630005	356.619995	2687300	1
359.980011	364.850006	358.519989	7088700	0
317.299988	324.869995	314.76001	17846500	0
324.25	324.820007	316.5	5932000	0
321.980011	322.899994	319.5	2883800	1
321.450012	322.730011	318.5	3969000	0
320.01001	320.679993	311.859985	5192000	0
313.690002	315.829987	304.589996	7441500	1
308.839996	316.179993	308.5	4200900	0
313.299988	314.549988	310.059998	2852100	1
310.829987	315.779999	310.200012	2296900	0
315.209991	315.880005	309.649994	2935600	1
311.940002	317.320007	310.660004	2705900	1
318.480011	320.380005	316.880005	2468600	1
318.890015	321.309998	316.950012	1915800	1
327.600006	331.720001	326.140015	4939100	1
327.799988	334.089996	326.709991	3420400	1
334	335	328.320007	3896700	1
335.480011	337.799988	333.769989	2485400	1
334.869995	335.809998	333.01001	1713800	1
334.679993	337.160004	334.019989	1810500	0
336.480011	336.579987	332.230011	1971100	0
332.98999	334.079987	330.799988	2211200	1
333.209991	336.769989	332.709991	1957700	1
337	344.359985	334.549988	3654700	1
342.089996	346.670013	341.339996	2961600	0
340	341.790009	338.799988	2252700	0
341.76001	341.820007	337.679993	1939500	1
339.980011	342.5	337.160004	2326000	0
342.540009	343.269989	337.549988	1993700	1
343.690002	349.380005	343.579987	3965600	1
346.299988	346.829987	342.5	2107000	0
344.540009	345.809998	339.040009	2955300	0
341.609985	341.76001	329.179993	4646800	1
334.299988	334.980011	328.820007	3797400	0
329.940002	333.01001	326.390015	2720200	1
329.559998	332.890015	328.790009	3429300	0
330.910004	331.329987	319	4000400	1
321.070007	329.480011	320.100006	3259900	0
327.76001	328	321.519989	4136000	1
325.440002	327.100006	323.709991	2576900	1
327.600006	332.76001	325.570007	6886200	0
328.48999	329.48999	321.059998	3109700	0
322.459991	327.600006	321.25	2352600	1
324.170013	329.440002	319.559998	2642200	0
327.98999	328.540009	321.399994	2928800	1
320.600006	323.5	317.640015	3638000	0
320.5	323.75	319	1924600	1
321.359985	323.429993	318.51001	2636200	0
322.040009	322.170013	315.549988	3089100	1
316.920013	318.529999	311.309998	3553900	1
320.359985	325.160004	319.529999	3037400	0
323.5	324.130005	319.600006	2290300	0
319.429993	322	316.670013	2365400	1
316.579987	324.109985	314.140015	3452800	0
321.48999	322.269989	314.519989	3587900	0
314.019989	317.769989	311.380005	3681900	0
309.869995	313.200012	303.470001	4363900	1
308	312.23999	305.75	3385800	0
304.350006	307.899994	299.100006	5343900	0
293.829987	306.820007	293.829987	4731300	1
307.149994	309.200012	302.720001	4405100	1
302.950012	306.529999	302.019989	3234500	1
309.899994	315.640015	307.070007	3559300	0
315.429993	318.980011	312.640015	3125900	1
313.399994	316.799988	311.399994	9038200	0
284.399994	293.809998	284	19801100	1
285.700012	290.420013	285.019989	5950600	1
289.76001	298	289.76001	5572600	0
299.109985	299.609985	293.070007	4881900	1
293.980011	299.73999	292.359985	4055200	1
305.149994	305.720001	301.5	4550700	1
306.23999	308.01001	303.23999	3242500	0
303.98999	304.25	300.170013	3427400	0
303.01001	304	294.160004	4674500	1
296.690002	297	292.290009	3758100	1
297.820007	299.98999	296.290009	2647400	1
300	305.799988	300	2809100	1
305.940002	312.380005	303.649994	3803600	0
310.75	312.579987	308.790009	2183000	1
312	317.890015	311.51001	3686400	1
317.119995	332.880005	316.399994	8877800	0
326.440002	328	318.029999	4784900	1
323.98999	329.559998	323.25	3549500	1
327.25	328.399994	324.019989	3281600	1
324	332.670013	323.329987	3436700	1
335.420013	338.329987	331.470001	4466600	1
334.779999	337.390015	333.600006	2754200	0
335.269989	336.329987	331.279999	2565000	0
333.779999	334.649994	331.75	1983600	1
336.029999	341.26001	336.029999	3051800	0
338.119995	340.640015	325.929993	4944900	1
327.5	327.929993	323.25	2790300	0
325.730011	326.769989	314.359985	5681000	1
315.529999	318.589996	313.470001	3290300	0
316.799988	316.929993	310.839996	3265200	0
311.570007	316.559998	304.820007	3639200	1
302.98999	313.640015	301.140015	4049500	0
312	313.190002	304.679993	3245900	1
307.890015	312.640015	306.01001	3262900	0
303.98999	310.640015	303.01001	3153500	0
308.869995	310.859985	302.149994	3841600	0
304.350006	304.48999	295.01001	6501300	1
296.369995	299.670013	293.029999	4433500	0
304.01001	304.5	293.25	7738100	1
296.910004	301.540009	295.519989	8709100	1
301.940002	307.359985	301.940002	4003800	0
306.980011	307.48999	303.25	2713700	0
306.380005	307	302.880005	1513800	1
305	310.779999	303.809998	2893800	1
307.850006	314.269989	306.579987	3009000	0
309.910004	313.940002	309.339996	2093000	1
311.549988	312.980011	310.01001	2048000	0
312.579987	314.75	306.959991	2783200	0
307.01001	308.380005	300.850006	2774200	0
302.23999	303	292.380005	3519000	1
297.5	301.279999	295.329987	2640300	1
300.320007	303.140015	296.109985	3088400	0
301.480011	302.869995	296.679993	2592400	0
297.559998	298.51001	289.279999	3421400	1
297.480011	301.5	293.230011	4136400	0
291.929993	295.910004	286.5	5538700	0
294	296	286.820007	4419200	1
286.279999	290.790009	285.25	3478200	0
292.589996	293.359985	286.390015	3075100	1
289.640015	306	287.26001	10065100	1
300	312.25	300	5362600	1
308.079987	316.929993	307.720001	4496400	0
311.820007	313	307.519989	3169700	0
306.299988	310.23999	302.630005	2920300	0
309.809998	311.51001	303.799988	3063800	1
304.730011	312.799988	299.329987	8656600	1
346.320007	359.5	340.73999	23856100	1
350.049988	365	350.01001	10231900	0
360.290009	367.820007	360.209991	6212600	1
358.380005	367.5	358.230011	4169900	1
366	378.799988	365.899994	7247600	1
374.869995	375.98999	371.01001	3892400	0
371	374.410004	367.200012	2724600	1
371.190002	374.299988	368.51001	2287200	1
371.230011	377.100006	371.100006	2786500	1
375.100006	378.51001	373.149994	2791100	1
378.410004	383	377.01001	3475100	0
377.720001	379.98999	372.670013	3673200	0
373.779999	376.73999	372.850006	2650600	1
373.48999	381.880005	373.429993	2953800	1
378.619995	383.700012	375.839996	3258000	0
383.440002	384.540009	378	2177000	0
378.649994	380.480011	376.160004	1920800	1
377.269989	387.850006	376.540009	3174500	0
384.070007	389.369995	383.279999	2687100	0
384	385.98999	379.790009	2532300	1
380.850006	385.899994	379.480011	2139200	0
383.950012	386.100006	381.600006	1946500	0
385.709991	387.899994	382.190002	2259100	1
385.609985	388.420013	383.890015	2693500	0
385.519989	387	378.880005	2627000	0
378.399994	379.329987	375.279999	2311400	0
377.450012	377.769989	369.179993	3121000	0
370.609985	373.350006	366.26001	2495100	1
368.820007	375.5	367.519989	2810000	0
371.519989	373.98999	366.679993	2611700	1
370.380005	373.940002	366.720001	2354100	0
371.109985	374.5	369.640015	2037000	1
369.970001	375.98999	366.700012	2654100	0
373.869995	377.109985	372.190002	1915700	1
376.290009	379.369995	375.920013	3763600	0
378.070007	381.769989	374.940002	2239300	0
373.98999	375.23999	372.269989	2228200	0
375.170013	380.5	370.290009	3429500	0
369.589996	371.399994	365.649994	2930000	1
367.109985	373.170013	366.570007	2609800	1
371.869995	376.119995	371.549988	1820900	0
373.23999	377.700012	371.51001	2506100	0
372.100006	373.160004	368.339996	2458100	1
370.5	373.279999	369	1875300	1
370.100006	380.200012	369.359985	3050700	0
376.149994	379.309998	374.029999	1954900	1
374.660004	381.579987	374.649994	2636400	1
380.660004	384.420013	378.799988	2392300	0
384.309998	387.119995	381.320007	2573500	0
383.529999	385.279999	380.140015	1894500	1
383.51001	387.809998	381.209991	2583600	0
384.649994	385.779999	381.640015	1933200	1
383.690002	387.450012	383.549988	2080400	0
382.630005	383.559998	374.399994	3839700	1
378.549988	391.940002	377	5016100	1
391.309998	394.600006	386.799988	4643500	0
391.910004	394.279999	388	3474700	1
390.209991	391.880005	386.149994	7980000	1
439	452.649994	439	17176900	0
443.859985	446.98999	437.410004	5430900	0
438.51001	439	428.040009	4140500	1
426.75	434.23999	426.029999	3621700	0
427.109985	431.75	419.23999	3647900	1
423.820007	425.640015	416	3565800	1
424.799988	429.769989	422.420013	2270400	0
422.850006	427.51001	421.019989	2856400	0
421.429993	422.720001	414.549988	2552500	1
424.149994	428.5	422.850006	2766100	1
430.75	435.200012	430.170013	2908800	0
432.51001	439	431.369995	2393700	0
431.079987	433.25	426.709991	1947800	0
429.980011	433.529999	425.799988	1996300	1
429.450012	433	427.01001	1888500	0
428	430.399994	424.299988	4240300	0
426	427.269989	421.459991	2390200	0
424.869995	428.23999	420.630005	2464200	1
420.600006	427.100006	418.359985	2196200	1
428	436.899994	428	4121400	0
431.549988	432.440002	427.609985	2020600	0
426.200012	427	422	2244200	1
427.450012	431.850006	425.01001	2231100	0
429.709991	431.350006	425.470001	1912400	1
427.230011	432.5	427.230011	3016100	1
430.399994	433.160004	426.200012	2253300	1
430.070007	433.230011	426.25	1668900	1
434.399994	438.390015	432.75	2727900	0
434.399994	436.76001	429.26001	2510800	0
429.660004	430.799988	426.5	1907900	0
425.619995	426.799988	421.429993	2172500	1
422.959991	427.48999	419.140015	2288700	1
426.459991	432.200012	425.660004	2172300	1
432.290009	438.890015	431.470001	2922500	0
431.25	432.359985	428.26001	2054400	0
427.660004	428.049988	422.640015	2051000	1
424.149994	427.970001	422.670013	2296400	1
428.359985	431.350006	424.75	2185900	1
430.299988	439.730011	429.410004	3378400	0
440.26001	444.98999	433.23999	4495100	1
437	439.23999	434.179993	1823600	1
435.589996	447.040009	433.690002	3245000	0
444.970001	446.470001	440.230011	2620800	0
438.070007	443.470001	436.390015	2237500	0
441.76001	443.48999	435.059998	2624500	0
434.980011	437	429	2753200	1
434.200012	435.570007	430.459991	2596900	1
439.350006	440	435.579987	1987100	1
437	438.200012	433.480011	1343400	0
435.230011	439.730011	433.519989	1903200	1
435.679993	437.730011	425.570007	3454200	0
434.350006	435.98999	428.829987	2383100	1
434.899994	438.720001	434.149994	2271400	1
440.48999	444.720001	439	2401000	1
448.290009	457.869995	447.540009	3956800	1
462.320007	469.600006	458.160004	4736200	0
463.040009	464.700012	460.200012	2987400	1
465.5	475.880005	464.799988	4095600	1
477.700012	485.420013	477.25	4932200	1
492.570007	493.200012	485.399994	4752500	0
487.899994	488.880005	482.549988	3181800	1
485.98999	492.5	484.899994	3114900	0
491.660004	491.660004	475.700012	9374400	1
578.98999	580.570007	529.349976	21909400	1
527.75	544.950012	526.599976	7491000	0
536	536.390015	523.119995	5273100	1
530.919983	532.969971	525.02002	3752600	1
527.650024	539.200012	524.289978	3743100	0
539.090027	542.840027	534.52002	3025600	0
537.450012	540.440002	529.359985	3014200	0
529.690002	536.950012	529.159973	2934600	1
538.799988	539.140015	534.119995	2889400	0
539.299988	542.73999	527.52002	3820500	0
529.159973	529.460022	518.210022	3969200	1
528.52002	532.280029	523	2615900	1
523.650024	528.97998	522	2676600	0
523.75	527.5	513.059998	3962300	1
527.369995	534.659973	525.48999	2895200	1
528.25	534.109985	528.25	1994800	1
531.289978	538.73999	527.119995	2581700	0
535.039978	539.48999	533	2071300	0
533.73999	537.25	529	2324000	0
530.390015	533.25	515.77002	4408000	0
507.359985	512.330017	494.470001	6706500	0
463.579987	476.579987	451	10097600	1
487.48999	489.440002	466.25	5679300	1
484.019989	503.720001	478.76001	6358600	1
513.710022	522.690002	507.26001	6114500	0
517.5	521.5	513.039978	2746700	0
516.440002	519.409973	509.070007	3002300	0
499.140015	510	493.429993	3864500	1
505.089996	510.859985	497.720001	3707100	0
514.5	515.840027	502.570007	3149700	0
497.649994	502.850006	495.640015	2692500	1
508.690002	518.349976	508.51001	3810700	0
524	529.950012	515.059998	4370700	1
515.150024	526.130005	514.780029	2576000	1
521.070007	529.440002	520.609985	3227900	0
529.440002	532.450012	518.580017	3130200	1
523.25	527.919983	517.200012	2865900	1
521.97998	528.299988	518.52002	2252800	1
526.97998	546.969971	526.570007	4169500	1
534.619995	546.23999	531.349976	6160100	1
544.330017	549.780029	539.590027	3283300	0
539.710022	543.549988	532.659973	3841700	0
538.299988	541.210022	534	2237600	0
530.549988	534.559998	522.869995	3501000	0
542.570007	542.799988	521.400024	4031000	0
520.02002	520.280029	494.329987	5434500	0
506	511.480011	490.5	4457500	1
505.440002	512.799988	501.670013	4004700	1
511	520.799988	506	3768500	1
512.98999	532.599976	508.100006	4597800	1
536.98999	545.909973	536	3391400	0
545.5	551.5	533.330017	4502800	1
541.789978	542	529	3812100	0
536.710022	539.390015	519.890015	4676400	1
534.47998	541.789978	530.27002	3537400	1
539.960022	550.820007	539.799988	2776100	0
546.26001	553.200012	543.099976	2938000	0
551.340027	552.25	539.679993	3582100	1
547.75	563	547	4937000	1
565.27002	570.940002	560.309998	4315800	1
570.76001	579	567.380005	4375400	0
572	573	555.280029	4346200	0
563.869995	565.25	552.52002	3343600	1
562.700012	569.150024	556.669983	7779400	1
617.679993	619.450012	595.359985	10692700	1
602.299988	609.849976	596.289978	4269700	1
608.599976	614.710022	605.530029	3787100	1
612.299988	617.22998	609.5	3926200	1
617.700012	627.539978	615.390015	3896000	0
626.01001	630.719971	625.280029	3874400	1
627.130005	628.630005	620.409973	2816500	0
629.530029	629.890015	622	3246900	1
627.76001	645.929993	627.349976	4840500	1
647.099976	657	643.090027	4723800	1
655	662.26001	652	4092200	0
658.650024	661.960022	647.849976	4048800	1
651.01001	660	647.26001	3489500	1
663.25	675.960022	663.25	5387300	0
673	675.640015	664.219971	4284700	0
663.570007	667	640.450012	6261100	1
640.919983	649.98999	622.289978	7435900	0
650.650024	653.25	641	4320200	1
646.51001	664.880005	646.369995	4469800	0
664.98999	672.859985	659	4705200	1
667.940002	668.869995	657.570007	3896100	1
671.5	682.77002	670.119995	4385100	0
674.140015	675.799988	661.210022	4543400	1
675	679.700012	671.23999	2697900	0
680.799988	680.98999	672.099976	1966800	0
675.900024	681.289978	664.599976	5693200	1
673.75	681	667.859985	4751200	0
681	684.820007	674.25	4273500	0
679.440002	682.789978	661.47998	5064700	1
666	674.780029	661.400024	4534800	0
674.73999	675.460022	660.5	3732800	1
663.130005	679.98999	659.789978	3651900	0
678	679	655.679993	5158200	0
665.590027	668.530029	659.559998	3455500	0
651.22998	657.880005	639.619995	5474400	1
641.75	658.590027	635.27002	4329700	1
665.030029	671.5	657.349976	4753400	1
663.559998	677.349976	659.320007	3964500	0
680	682.5	670.650024	3681600	0
668.650024	676.840027	664.130005	6841300	1
668.5	669.900024	658.929993	3250900	0
666.830017	668.48999	659.26001	2667800	1
666.5	666.599976	656.630005	2722900	0
663.349976	664.679993	660.599976	1091200	1
665.559998	675.5	665.5	3783600	1
677.97998	696.440002	677.890015	5735000	0
691.890015	695.48999	686.380005	3519000	0
686.080017	687.75	675.890015	3749600	0
656.289978	657.719971	627.51001	9314500	0
646.859985	646.909973	627.650024	5822600	0
622	639.789978	620.309998	5329200	0
621.799988	630	605.210022	7074900	0
619.659973	624.140015	606	5512900	1
612.47998	619.849976	598.570007	4891600	1
625.25	625.98999	612.23999	4724100	0
620.880005	620.880005	579.159973	7655200	1
580.25	602.25	569.880005	7238000	0
572.23999	584.619995	565.299988	7784500	1
577.090027	584	566.450012	4807200	0
564.359985	578.450012	547.179993	7966400	1
573.580017	588.809998	568.219971	4952200	1
588.72998	600.099976	584.109985	5120100	1
597.98999	608.5	594.559998	4396100	1
603.450012	604.5	590.380005	3765700	0
601.98999	603.390015	578.780029	5152900	1
608.369995	638.059998	597.549988	14015200	0
571.97998	593	570	14677600	0
578.150024	581.799988	570.309998	6355100	0
570	571.559998	550.090027	6312000	0
553.5	556	521.900024	10048700	1
525	538.98999	519.219971	6199100	0
529.280029	529.450012	499.190002	9708900	0
486.470001	493.5	475.209991	9825500	0
478.01001	498.380005	474	7077900	1
491.76001	504.660004	486	6786200	1
491.170013	509.299988	484	7397400	1
510.700012	516.75	501.48999	5384800	1
519.47998	524.450012	511.660004	5118500	1
528.73999	537.47998	519.390015	4824000	0
541.190002	541.200012	523.72998	4735000	1
520.710022	535.950012	515.349976	4974700	1
542.200012	560.650024	541.080017	5566600	0
555.549988	556.909973	545.330017	4050800	1
545.75	554.27002	533.150024	6231700	1
555.52002	559.390015	545.289978	4525500	1
560.119995	562.5	553.169983	4877000	0
554	564.809998	552.51001	4145400	1
556.289978	579.25	556	5038500	1
581.75	585	573.700012	4582200	0
577.960022	579.869995	573.109985	2741300	0
581.070007	581.400024	571.070007	3416500	0
573.539978	573.630005	555.549988	4926900	0
557.869995	571.349976	554.73999	4730000	0
559.559998	560.349976	550.130005	4377300	0
566.73999	567	547.900024	3919900	1
566.950012	570.059998	562.72998	3771300	1
567	576.890015	563.049988	3454200	1
571	581.52002	567	3876800	0
576.640015	581.320007	571.140015	3537700	0
569.51001	571.400024	555.01001	5928100	0
560.940002	562.330017	546.090027	7296900	1
548.909973	555.23999	538.580017	5155700	1
545.109985	562.76001	545.049988	4000600	1
561	572.47998	558.099976	3983700	1
567.109985	583.549988	567.080017	5185500	0
584.400024	584.75	575.559998	3121500	1
580.150024	595.849976	576.5	4392600	1
596.710022	603.23999	595	3890500	0
599.280029	600.75	592.210022	2681800	1
590.48999	599.030029	588.299988	2917400	0
599	599.5	590.549988	2470800	0
590.77002	593.469971	585.25	2308900	1
587.52002	602.390015	587.5	2849900	0
598.76001	599.599976	589.080017	3189000	1
594.320007	597.859985	589	2591900	1
596.140015	604	594.909973	2704300	1
598.400024	604.059998	592.309998	2641100	1
607.679993	616.809998	605.289978	4228300	1
615.070007	624.380005	615.070007	3512100	1
621.919983	626.77002	618.109985	2887700	1
625.349976	637.640015	624.960022	4360900	0
637.140015	638.01001	620.799988	4055900	1
630	636.549988	623	2609400	0
631	637.820007	628.5	2596300	0
624.469971	628.25	611.559998	5083900	1
616.609985	626.97998	616.25	2682900	0
626.169983	626.75	614.880005	2521400	0
611.799988	615.950012	601.280029	4068800	0
615.539978	626.799988	599.200012	7872600	1
666	669.97998	654	10310700	1
663.919983	685.5	662.030029	6578500	0
677.359985	680.299988	670.429993	4923400	0
662.590027	674	662.140015	4635500	0
673.309998	676.48999	656	4884100	1
656.049988	676.950012	656.01001	4365300	1
673.950012	686.97998	671.409973	3982200	1
694	704.549988	693.5	6105600	1
705.789978	719	701.650024	7338200	1
717.380005	722.450012	711.51001	5048200	0
714.640015	719.25	706.51001	4763400	1
710.130005	713.25	700.280029	5432900	0
709.900024	714.469971	693.909973	5121400	1
689.559998	702.539978	688.76001	4283200	1
691.880005	699.400024	689.559998	3025600	1
701.049988	707.23999	700	2916200	0
704.25	706	696.419983	2595100	1
698.01001	707.5	698	3033800	1
708	710.859985	705.52002	3267700	1
708.330017	715	707.289978	2446700	0
715	716.599976	711.099976	2249200	1
712.330017	724.22998	711.320007	3618300	0
720.900024	726.429993	718.219971	3263100	1
720.969971	728.280029	715.5	3026600	0
726.73999	727	718.429993	3367300	1
726.5	731.5	724.419983	2704800	0
729.890015	730	720.549988	2732500	1
726.400024	729.419983	721.599976	2223400	1
723.099976	728.909973	722.299988	2170300	0
722.349976	724.97998	714.210022	3425700	0
714.01001	721.98999	711.159973	3352200	1
712.330017	720.809998	712.27002	2506900	0
722	722.559998	713.349976	2709400	1
712.049988	718	705.299988	3098000	0
718.190002	718.200012	699.179993	5897800	1
713.5	721.309998	710.809998	3677200	1
715.719971	718.400024	712.719971	2137500	0
716.580017	717	707.570007	2260500	1
715.5	722.119995	712.5	2825000	0
693	712.530029	692.200012	7632500	0
692.01001	696.820007	682.119995	5568000	1
700	708	698.169983	4037000	1
715.75	719.5	713.539978	3070100	1
717.200012	719.369995	712.539978	2855100	1
717.320007	728	716.539978	2920400	1
